{
    "goal_horizontal_above": [
        {
            "x": 0.28794642857142855,
            "y": 0.42075892857142855
        },
        {
            "x": 0.4453125,
            "y": 0.4375
        }
    ],
    "goal_vertical_left": [
        {
            "x": 0.44642857142857145,
            "y": 0.5502232142857143
        },
        {
            "x": 0.44754464285714285,
            "y": 0.44642857142857145
        }
    ],
    "goal_vertical_right": [
        {
            "x": 0.28348214285714285,
            "y": 0.5625
        },
        {
            "x": 0.2845982142857143,
            "y": 0.4263392857142857
        }
    ]
}