{
    "goal_horizontal_above": [
        {
            "x": 0.6227678571428571,
            "y": 0.34933035714285715
        },
        {
            "x": 0.5825892857142857,
            "y": 0.31026785714285715
        }
    ],
    "goal_vertical_left": [
        {
            "x": 0.6205357142857143,
            "y": 0.5066964285714286
        },
        {
            "x": 0.6227678571428571,
            "y": 0.36049107142857145
        }
    ],
    "goal_vertical_right": [
        {
            "x": 0.5747767857142857,
            "y": 0.5412946428571429
        },
        {
            "x": 0.578125,
            "y": 0.3125
        }
    ]
}