{
    "goal_horizontal_above": [
        {
            "x": 0.6305803571428571,
            "y": 0.0703125
        },
        {
            "x": 0.5680803571428571,
            "y": 0.04241071428571429
        }
    ],
    "goal_vertical_left": [
        {
            "x": 0.6316964285714286,
            "y": 0.23325892857142858
        },
        {
            "x": 0.6339285714285714,
            "y": 0.08147321428571429
        }
    ],
    "goal_vertical_right": [
        {
            "x": 0.5658482142857143,
            "y": 0.05022321428571429
        },
        {
            "x": 0.5602678571428571,
            "y": 0.28013392857142855
        }
    ]
}