{
    "goal_horizontal_above": [
        {
            "x": 0.48995535714285715,
            "y": 0.13169642857142858
        },
        {
            "x": 0.5234375,
            "y": 0.17075892857142858
        }
    ],
    "goal_vertical_left": [
        {
            "x": 0.5200892857142857,
            "y": 0.33705357142857145
        },
        {
            "x": 0.5256696428571429,
            "y": 0.18080357142857142
        }
    ],
    "goal_vertical_right": [
        {
            "x": 0.47879464285714285,
            "y": 0.38058035714285715
        },
        {
            "x": 0.48660714285714285,
            "y": 0.13616071428571427
        }
    ]
}