{
    "goal_horizontal_above": [
        {
            "x": 0.5200892857142857,
            "y": 0.29910714285714285
        },
        {
            "x": 0.4888392857142857,
            "y": 0.265625
        }
    ],
    "goal_vertical_left": [
        {
            "x": 0.5212053571428571,
            "y": 0.45982142857142855
        },
        {
            "x": 0.5234375,
            "y": 0.3091517857142857
        }
    ],
    "goal_vertical_right": [
        {
            "x": 0.48214285714285715,
            "y": 0.5122767857142857
        },
        {
            "x": 0.484375,
            "y": 0.27120535714285715
        }
    ]
}