{
    "goal_horizontal_above": [
        {
            "x": 0.5658482142857143,
            "y": 0.6283482142857143
        },
        {
            "x": 0.7198660714285714,
            "y": 0.6261160714285714
        }
    ],
    "goal_vertical_left": [
        {
            "x": 0.7254464285714286,
            "y": 0.7388392857142857
        },
        {
            "x": 0.7220982142857143,
            "y": 0.6395089285714286
        }
    ],
    "goal_vertical_right": [
        {
            "x": 0.5625,
            "y": 0.6339285714285714
        },
        {
            "x": 0.5647321428571429,
            "y": 0.765625
        }
    ]
}