{
    "goal_horizontal_above": [
        {
            "x": 0.4877232142857143,
            "y": 0.32589285714285715
        },
        {
            "x": 0.5279017857142857,
            "y": 0.3549107142857143
        }
    ],
    "goal_vertical_left": [
        {
            "x": 0.5323660714285714,
            "y": 0.3638392857142857
        },
        {
            "x": 0.5290178571428571,
            "y": 0.5078125
        }
    ],
    "goal_vertical_right": [
        {
            "x": 0.48214285714285715,
            "y": 0.5524553571428571
        },
        {
            "x": 0.48660714285714285,
            "y": 0.33482142857142855
        }
    ]
}