{
    "goal_horizontal_above": [
        {
            "x": 0.46875,
            "y": 0.06808035714285714
        },
        {
            "x": 0.5055803571428571,
            "y": 0.10825892857142858
        }
    ],
    "goal_vertical_left": [
        {
            "x": 0.5089285714285714,
            "y": 0.11383928571428571
        },
        {
            "x": 0.5022321428571429,
            "y": 0.27120535714285715
        }
    ],
    "goal_vertical_right": [
        {
            "x": 0.4575892857142857,
            "y": 0.31808035714285715
        },
        {
            "x": 0.46651785714285715,
            "y": 0.07589285714285714
        }
    ]
}