{
    "goal_horizontal_above": [
        {
            "x": 0.6997767857142857,
            "y": 0.26674107142857145
        },
        {
            "x": 0.8671875,
            "y": 0.25111607142857145
        }
    ],
    "goal_vertical_left": [
        {
            "x": 0.8727678571428571,
            "y": 0.3716517857142857
        },
        {
            "x": 0.8727678571428571,
            "y": 0.2578125
        }
    ],
    "goal_vertical_right": [
        {
            "x": 0.6975446428571429,
            "y": 0.27455357142857145
        },
        {
            "x": 0.6997767857142857,
            "y": 0.41294642857142855
        }
    ]
}