{
    "goal_horizontal_above": [
        {
            "x": 0.4765625,
            "y": 0.42299107142857145
        },
        {
            "x": 0.6238839285714286,
            "y": 0.42857142857142855
        }
    ],
    "goal_vertical_left": [
        {
            "x": 0.6294642857142857,
            "y": 0.5368303571428571
        },
        {
            "x": 0.6305803571428571,
            "y": 0.43638392857142855
        }
    ],
    "goal_vertical_right": [
        {
            "x": 0.4732142857142857,
            "y": 0.5625
        },
        {
            "x": 0.47433035714285715,
            "y": 0.42745535714285715
        }
    ]
}