{
    "goal_horizontal_above": [
        {
            "x": 0.4955357142857143,
            "y": 0.5100446428571429
        },
        {
            "x": 0.6473214285714286,
            "y": 0.5022321428571429
        }
    ],
    "goal_vertical_left": [
        {
            "x": 0.6506696428571429,
            "y": 0.6149553571428571
        },
        {
            "x": 0.6484375,
            "y": 0.5111607142857143
        }
    ],
    "goal_vertical_right": [
        {
            "x": 0.49107142857142855,
            "y": 0.5189732142857143
        },
        {
            "x": 0.49441964285714285,
            "y": 0.6462053571428571
        }
    ]
}