{
    "goal_horizontal_above": [
        {
            "x": 0.33705357142857145,
            "y": 0.3046875
        },
        {
            "x": 0.26339285714285715,
            "y": 0.26004464285714285
        }
    ],
    "goal_vertical_left": [
        {
            "x": 0.33816964285714285,
            "y": 0.31138392857142855
        },
        {
            "x": 0.33035714285714285,
            "y": 0.45200892857142855
        }
    ],
    "goal_vertical_right": [
        {
            "x": 0.24665178571428573,
            "y": 0.48214285714285715
        },
        {
            "x": 0.2611607142857143,
            "y": 0.2700892857142857
        }
    ]
}