{
    "goal_horizontal_above": [
        {
            "x": 0.15066964285714285,
            "y": 0.12946428571428573
        },
        {
            "x": 0.22433035714285715,
            "y": 0.16741071428571427
        }
    ],
    "goal_vertical_left": [
        {
            "x": 0.22767857142857142,
            "y": 0.32924107142857145
        },
        {
            "x": 0.2265625,
            "y": 0.17745535714285715
        }
    ],
    "goal_vertical_right": [
        {
            "x": 0.14732142857142858,
            "y": 0.13504464285714285
        },
        {
            "x": 0.1484375,
            "y": 0.37723214285714285
        }
    ]
}