{
    "goal_horizontal_above": [
        {
            "x": 0.7734375,
            "y": 0.4341517857142857
        },
        {
            "x": 0.6194196428571429,
            "y": 0.43638392857142855
        }
    ],
    "goal_vertical_left": [
        {
            "x": 0.7790178571428571,
            "y": 0.5479910714285714
        },
        {
            "x": 0.7779017857142857,
            "y": 0.44642857142857145
        }
    ],
    "goal_vertical_right": [
        {
            "x": 0.6149553571428571,
            "y": 0.44419642857142855
        },
        {
            "x": 0.6160714285714286,
            "y": 0.5758928571428571
        }
    ]
}