{
    "goal_horizontal_above": [
        {
            "x": 0.45982142857142855,
            "y": 0.06696428571428571
        },
        {
            "x": 0.5178571428571429,
            "y": 0.10379464285714286
        }
    ],
    "goal_vertical_left": [
        {
            "x": 0.515625,
            "y": 0.265625
        },
        {
            "x": 0.5189732142857143,
            "y": 0.10825892857142858
        }
    ],
    "goal_vertical_right": [
        {
            "x": 0.4564732142857143,
            "y": 0.0703125
        },
        {
            "x": 0.45089285714285715,
            "y": 0.30580357142857145
        }
    ]
}