{
    "goal_horizontal_above": [
        {
            "x": 0.20758928571428573,
            "y": 0.04241071428571429
        },
        {
            "x": 0.15625,
            "y": 0.013392857142857142
        }
    ],
    "goal_vertical_left": [
        {
            "x": 0.21540178571428573,
            "y": 0.2109375
        },
        {
            "x": 0.20870535714285715,
            "y": 0.052455357142857144
        }
    ],
    "goal_vertical_right": [
        {
            "x": 0.19308035714285715,
            "y": 0.27232142857142855
        },
        {
            "x": 0.18415178571428573,
            "y": 0.017857142857142856
        }
    ]
}