{
    "goal_horizontal_above": [
        {
            "x": 0.42857142857142855,
            "y": 0.33816964285714285
        },
        {
            "x": 0.38504464285714285,
            "y": 0.30580357142857145
        }
    ],
    "goal_vertical_left": [
        {
            "x": 0.4296875,
            "y": 0.34375
        },
        {
            "x": 0.4263392857142857,
            "y": 0.4877232142857143
        }
    ],
    "goal_vertical_right": [
        {
            "x": 0.3828125,
            "y": 0.3125
        },
        {
            "x": 0.3783482142857143,
            "y": 0.5345982142857143
        }
    ]
}