{
    "goal_horizontal_above": [
        {
            "x": 0.5379464285714286,
            "y": 0.4296875
        },
        {
            "x": 0.6897321428571429,
            "y": 0.42410714285714285
        }
    ],
    "goal_vertical_left": [
        {
            "x": 0.6986607142857143,
            "y": 0.5334821428571429
        },
        {
            "x": 0.6964285714285714,
            "y": 0.43191964285714285
        }
    ],
    "goal_vertical_right": [
        {
            "x": 0.5379464285714286,
            "y": 0.4375
        },
        {
            "x": 0.5401785714285714,
            "y": 0.5680803571428571
        }
    ]
}