{
    "goal_horizontal_above": [
        {
            "x": 0.5725446428571429,
            "y": 0.10044642857142858
        },
        {
            "x": 0.7310267857142857,
            "y": 0.10267857142857142
        }
    ],
    "goal_vertical_left": [
        {
            "x": 0.7321428571428571,
            "y": 0.109375
        },
        {
            "x": 0.7287946428571429,
            "y": 0.22767857142857142
        }
    ],
    "goal_vertical_right": [
        {
            "x": 0.5680803571428571,
            "y": 0.11049107142857142
        },
        {
            "x": 0.5658482142857143,
            "y": 0.24441964285714285
        }
    ]
}