{
    "goal_horizontal_above": [
        {
            "x": 0.43191964285714285,
            "y": 0.44308035714285715
        },
        {
            "x": 0.5803571428571429,
            "y": 0.44642857142857145
        }
    ],
    "goal_vertical_left": [
        {
            "x": 0.5837053571428571,
            "y": 0.45089285714285715
        },
        {
            "x": 0.5825892857142857,
            "y": 0.5591517857142857
        }
    ],
    "goal_vertical_right": [
        {
            "x": 0.4263392857142857,
            "y": 0.5792410714285714
        },
        {
            "x": 0.4263392857142857,
            "y": 0.44419642857142855
        }
    ]
}