{
    "goal_horizontal_above": [
        {
            "x": 0.3861607142857143,
            "y": 0.46875
        },
        {
            "x": 0.375,
            "y": 0.4419642857142857
        }
    ],
    "goal_vertical_left": [
        {
            "x": 0.38169642857142855,
            "y": 0.6160714285714286
        },
        {
            "x": 0.3861607142857143,
            "y": 0.47544642857142855
        }
    ],
    "goal_vertical_right": [
        {
            "x": 0.36160714285714285,
            "y": 0.671875
        },
        {
            "x": 0.3716517857142857,
            "y": 0.44754464285714285
        }
    ]
}