{
    "goal_horizontal_above": [
        {
            "x": 0.6428571428571429,
            "y": 0.2611607142857143
        },
        {
            "x": 0.5825892857142857,
            "y": 0.2265625
        }
    ],
    "goal_vertical_left": [
        {
            "x": 0.6473214285714286,
            "y": 0.27120535714285715
        },
        {
            "x": 0.640625,
            "y": 0.41294642857142855
        }
    ],
    "goal_vertical_right": [
        {
            "x": 0.5814732142857143,
            "y": 0.23883928571428573
        },
        {
            "x": 0.5725446428571429,
            "y": 0.44419642857142855
        }
    ]
}