{
    "goal_horizontal_above": [
        {
            "x": 0.5368303571428571,
            "y": 0.37723214285714285
        },
        {
            "x": 0.38169642857142855,
            "y": 0.3638392857142857
        }
    ],
    "goal_vertical_left": [
        {
            "x": 0.5401785714285714,
            "y": 0.3872767857142857
        },
        {
            "x": 0.5401785714285714,
            "y": 0.48549107142857145
        }
    ],
    "goal_vertical_right": [
        {
            "x": 0.3828125,
            "y": 0.37388392857142855
        },
        {
            "x": 0.3828125,
            "y": 0.5022321428571429
        }
    ]
}