{
    "goal_horizontal_above": [
        {
            "x": 0.40848214285714285,
            "y": 0.21428571428571427
        },
        {
            "x": 0.23883928571428573,
            "y": 0.21205357142857142
        }
    ],
    "goal_vertical_left": [
        {
            "x": 0.4095982142857143,
            "y": 0.328125
        },
        {
            "x": 0.40848214285714285,
            "y": 0.21986607142857142
        }
    ],
    "goal_vertical_right": [
        {
            "x": 0.23883928571428573,
            "y": 0.22098214285714285
        },
        {
            "x": 0.24553571428571427,
            "y": 0.36160714285714285
        }
    ]
}