{
    "goal_horizontal_above": [
        {
            "x": 0.5558035714285714,
            "y": 0.3950892857142857
        },
        {
            "x": 0.7042410714285714,
            "y": 0.3872767857142857
        }
    ],
    "goal_vertical_left": [
        {
            "x": 0.7109375,
            "y": 0.39174107142857145
        },
        {
            "x": 0.7120535714285714,
            "y": 0.5
        }
    ],
    "goal_vertical_right": [
        {
            "x": 0.5513392857142857,
            "y": 0.40401785714285715
        },
        {
            "x": 0.5546875,
            "y": 0.5357142857142857
        }
    ]
}