{
    "goal_horizontal_above": [
        {
            "x": 0.5145089285714286,
            "y": 0.3169642857142857
        },
        {
            "x": 0.4888392857142857,
            "y": 0.2924107142857143
        }
    ],
    "goal_vertical_left": [
        {
            "x": 0.515625,
            "y": 0.46651785714285715
        },
        {
            "x": 0.5178571428571429,
            "y": 0.3236607142857143
        }
    ],
    "goal_vertical_right": [
        {
            "x": 0.484375,
            "y": 0.29575892857142855
        },
        {
            "x": 0.4799107142857143,
            "y": 0.5167410714285714
        }
    ]
}