{
    "goal_horizontal_above": [
        {
            "x": 0.3314732142857143,
            "y": 0.27120535714285715
        },
        {
            "x": 0.16183035714285715,
            "y": 0.2734375
        }
    ],
    "goal_vertical_left": [
        {
            "x": 0.3359375,
            "y": 0.28013392857142855
        },
        {
            "x": 0.3392857142857143,
            "y": 0.3861607142857143
        }
    ],
    "goal_vertical_right": [
        {
            "x": 0.15959821428571427,
            "y": 0.27901785714285715
        },
        {
            "x": 0.16629464285714285,
            "y": 0.42075892857142855
        }
    ]
}