{
    "goal_horizontal_above": [
        {
            "x": 0.4575892857142857,
            "y": 0.203125
        },
        {
            "x": 0.48214285714285715,
            "y": 0.24553571428571427
        }
    ],
    "goal_vertical_left": [
        {
            "x": 0.4799107142857143,
            "y": 0.40066964285714285
        },
        {
            "x": 0.48325892857142855,
            "y": 0.24776785714285715
        }
    ],
    "goal_vertical_right": [
        {
            "x": 0.45535714285714285,
            "y": 0.21540178571428573
        },
        {
            "x": 0.45089285714285715,
            "y": 0.44642857142857145
        }
    ]
}