{
    "goal_horizontal_above": [
        {
            "x": 0.3236607142857143,
            "y": 0.43080357142857145
        },
        {
            "x": 0.15959821428571427,
            "y": 0.41294642857142855
        }
    ],
    "goal_vertical_left": [
        {
            "x": 0.328125,
            "y": 0.5457589285714286
        },
        {
            "x": 0.328125,
            "y": 0.4419642857142857
        }
    ],
    "goal_vertical_right": [
        {
            "x": 0.15401785714285715,
            "y": 0.41517857142857145
        },
        {
            "x": 0.15290178571428573,
            "y": 0.5602678571428571
        }
    ]
}