{
    "goal_horizontal_above": [
        {
            "x": 0.8214285714285714,
            "y": 0.20424107142857142
        },
        {
            "x": 0.6640625,
            "y": 0.19308035714285715
        }
    ],
    "goal_vertical_left": [
        {
            "x": 0.8214285714285714,
            "y": 0.32589285714285715
        },
        {
            "x": 0.8270089285714286,
            "y": 0.21205357142857142
        }
    ],
    "goal_vertical_right": [
        {
            "x": 0.6540178571428571,
            "y": 0.33482142857142855
        },
        {
            "x": 0.6584821428571429,
            "y": 0.19977678571428573
        }
    ]
}