{
    "goal_horizontal_above": [
        {
            "x": 0.36941964285714285,
            "y": 0.296875
        },
        {
            "x": 0.3560267857142857,
            "y": 0.26785714285714285
        }
    ],
    "goal_vertical_left": [
        {
            "x": 0.36830357142857145,
            "y": 0.4497767857142857
        },
        {
            "x": 0.3716517857142857,
            "y": 0.3091517857142857
        }
    ],
    "goal_vertical_right": [
        {
            "x": 0.3549107142857143,
            "y": 0.2767857142857143
        },
        {
            "x": 0.34933035714285715,
            "y": 0.5044642857142857
        }
    ]
}