{
    "goal_horizontal_above": [
        {
            "x": 0.23549107142857142,
            "y": 0.3080357142857143
        },
        {
            "x": 0.3091517857142857,
            "y": 0.35267857142857145
        }
    ],
    "goal_vertical_left": [
        {
            "x": 0.30245535714285715,
            "y": 0.49776785714285715
        },
        {
            "x": 0.31026785714285715,
            "y": 0.36160714285714285
        }
    ],
    "goal_vertical_right": [
        {
            "x": 0.21651785714285715,
            "y": 0.5290178571428571
        },
        {
            "x": 0.23102678571428573,
            "y": 0.31026785714285715
        }
    ]
}