{
    "goal_horizontal_above": [
        {
            "x": 0.7053571428571429,
            "y": 0.34486607142857145
        },
        {
            "x": 0.7801339285714286,
            "y": 0.38169642857142855
        }
    ],
    "goal_vertical_left": [
        {
            "x": 0.7801339285714286,
            "y": 0.53125
        },
        {
            "x": 0.7845982142857143,
            "y": 0.38839285714285715
        }
    ],
    "goal_vertical_right": [
        {
            "x": 0.6975446428571429,
            "y": 0.5703125
        },
        {
            "x": 0.7042410714285714,
            "y": 0.3515625
        }
    ]
}