{
    "goal_horizontal_above": [
        {
            "x": 0.4341517857142857,
            "y": 0.41183035714285715
        },
        {
            "x": 0.39620535714285715,
            "y": 0.38392857142857145
        }
    ],
    "goal_vertical_left": [
        {
            "x": 0.4341517857142857,
            "y": 0.4174107142857143
        },
        {
            "x": 0.43080357142857145,
            "y": 0.5580357142857143
        }
    ],
    "goal_vertical_right": [
        {
            "x": 0.41964285714285715,
            "y": 0.390625
        },
        {
            "x": 0.41183035714285715,
            "y": 0.6127232142857143
        }
    ]
}