{
    "goal_horizontal_above": [
        {
            "x": 0.1171875,
            "y": 0.18526785714285715
        },
        {
            "x": 0.14508928571428573,
            "y": 0.17522321428571427
        }
    ],
    "goal_vertical_left": [
        {
            "x": 0.23772321428571427,
            "y": 0.16294642857142858
        },
        {
            "x": 0.23102678571428573,
            "y": 0.005580357142857143
        }
    ],
    "goal_vertical_right": [
        {
            "x": 0.21651785714285715,
            "y": 0.22321428571428573
        },
        {
            "x": 0.21205357142857142,
            "y": 0.0011160714285714285
        }
    ]
}