{
    "goal_horizontal_above": [
        {
            "x": 0.4174107142857143,
            "y": 0.5122767857142857
        },
        {
            "x": 0.265625,
            "y": 0.5245535714285714
        }
    ],
    "goal_vertical_left": [
        {
            "x": 0.4252232142857143,
            "y": 0.6194196428571429
        },
        {
            "x": 0.421875,
            "y": 0.5212053571428571
        }
    ],
    "goal_vertical_right": [
        {
            "x": 0.2622767857142857,
            "y": 0.6707589285714286
        },
        {
            "x": 0.25669642857142855,
            "y": 0.5279017857142857
        }
    ]
}